Energy [MeV],Total Flux [cm⁻²·s⁻¹·MeV⁻¹]
0.05,18303154539.252445
0.07997997997997998,42896984905.46724
0.10995995995995997,73875272611.99324
0.13993993993993994,108314563806.62126
0.16991991991991992,143511085377.49786
0.19989989989989992,176882478417.01132
0.2298798798798799,205958485207.884
0.2598598598598599,228364424399.44186
0.28983983983983985,241614331776.51926
0.31981981981981983,242917319515.9356
0.3497997997997998,228533128727.59732
0.3797797797797798,191751351551.99112
0.40975975975975976,111199572431.53824
0.43973973973973973,365589582.79471034
0.4697197197197197,397455356.59228504
0.4996996996996997,428029588.2537481
0.5296796796796797,456991173.76422215
0.5596596596596597,484079299.1242864
0.5896396396396397,509024771.5774886
0.6196196196196196,531600629.8824088
0.6495995995995997,551586879.5932187
0.6795795795795796,568778905.9786886
0.7095595595595596,582984044.1222142
0.7395395395395395,594037304.8892788
0.7695195195195196,601830891.9418006
0.7994994994994995,606198339.8914313
0.8294794794794795,607025815.2094744
0.8594594594594595,604230545.8451688
0.8894394394394395,597695634.1356244
0.9194194194194194,587319867.8046286
0.9493993993993994,573025208.3211938
0.9793793793793794,554668269.0779873
1.0093593593593593,532163521.16119415
1.0393393393393393,505089378.1088214
1.0693193193193193,473263072.5809986
1.0992992992992994,435879226.16431963
1.1292792792792794,391484395.058518
1.1592592592592592,336294665.1694885
1.1892392392392392,256560615.7136217
1.2192192192192193,216518320.0448555
1.2491991991991993,211593338.9808752
1.2791791791791791,205864503.9770252
1.3091591591591591,199335532.55384156
1.3391391391391392,192014235.1461472
1.3691191191191192,183903938.56836367
1.399099099099099,175033274.3678654
1.429079079079079,165364176.36279085
1.459059059059059,154928696.1415048
1.4890390390390391,143740766.9262974
1.5190190190190191,131748697.5461005
1.548998998998999,118932157.08531255
1.578978978978979,105210777.17013688
1.608958958958959,90442010.78737544
1.638938938938939,74340654.31618465
1.6689189189189189,56278370.578431845
1.698898898898899,34804058.49827193
1.728878878878879,3322617.6575274114
1.758858858858859,166970.1202045876
1.7888388388388388,171467.26468197608
1.8188188188188188,175988.47924775837
1.8487987987987988,180541.95029480543
1.8787787787787789,185110.73417076655
1.9087587587587587,189695.55245581412
1.9387387387387387,194308.79045505077
1.9687187187187187,198937.06728123868
1.9986986986986988,203571.52925044193
2.028678678678679,208237.87673771646
2.0586586586586586,212914.6278228015
2.0886386386386384,217598.6835455029
2.118618618618618,222298.8237618043
2.1485985985985985,227014.24231363274
2.1785785785785783,231733.54286950774
2.2085585585585585,236460.36789802567
2.2385385385385383,241203.13491945414
2.268518518518518,245948.50244602043
2.2984984984984984,250693.38533410005
2.328478478478478,255453.52761910847
2.358458458458458,260214.0186962281
2.3884384384384383,264970.9074744106
2.418418418418418,269736.901401018
2.4483983983983983,274505.4403950759
2.478378378378378,279267.589453709
2.508358358358358,284030.8719872638
2.538338338338338,288797.8975619023
2.568318318318318,293554.6220063893
2.5982982982982983,298306.78246096364
2.628278278278278,303062.596068494
2.658258258258258,307808.68657261506
2.688238238238238,312542.0111625668
2.718218218218218,317278.00822334626
2.7481981981981978,322002.80850603787
2.778178178178178,326710.5575305518
2.808158158158158,331418.8423814027
2.838138138138138,336117.54357331805
2.868118118118118,340795.0742071859
2.8980980980980977,345466.30354511953
2.928078078078078,350129.1367342661
2.9580580580580578,354774.3989552105
2.988038038038038,359399.0796484144
3.018018018018018,364019.3421981982
3.0479979979979976,368617.0361819894
3.077977977977978,373192.37531995826
3.1079579579579577,377759.2401339211
3.1379379379379375,382306.2785761079
3.1679179179179178,386826.01187613135
3.1978978978978976,391332.292013801
3.227877877877878,395819.70493693696
3.2578578578578576,400281.25900947757
3.2878378378378375,404719.3500361324
3.3178178178178177,409141.8311014419
3.3477977977977975,413533.78336740995
3.3777777777777773,417899.74464775407
3.4077577577577576,422249.6354718248
3.4377377377377374,426573.11923353135
3.4677177177177176,430863.1891784551
3.4976976976976974,435134.9166293102
3.5276776776776773,439377.4987159137
3.5576576576576575,443586.9059628138
3.5876376376376373,447772.7357261516
3.6176176176176176,451933.4166278193
3.6475975975975974,456056.05825979164
3.677577577577577,460151.9406369773
3.7075575575575574,464222.88954333053
3.7375375375375373,468259.85646770167
3.767517517517517,472256.81305041205
3.7974974974974973,476237.61230179115
3.827477477477477,480179.21385547245
3.8574574574574574,484081.17462662666
3.887437437437437,487960.0539624305
3.917417417417417,491805.1489300364
3.9473973973973973,495606.13311903394
3.977377377377377,499378.61379651993
4.007357357357358,503117.84313577414
4.037337337337338,506817.36885830516
4.067317317317317,510476.428356612
4.097297297297297,514111.2196860818
4.127277277277277,517701.2800149937
4.157257257257257,521250.6638456328
4.187237237237237,524771.189818414
4.217217217217217,528252.3012605975
4.247197197197197,531686.1458391582
4.277177177177177,535090.326216344
4.307157157157157,538453.960400443
4.3371371371371366,541772.6140903684
4.367117117117117,545052.8382951888
4.397097097097097,548299.0189359572
4.427077077077077,551494.7188638852
4.457057057057057,554651.2992217749
4.4870370370370365,557772.7311111111
4.517017017017017,560850.1389844313
4.546996996996997,563875.9177794158
4.576976976976977,566874.6519097821
4.606956956956957,569824.705326731
4.636936936936936,572723.7395790684
4.666916916916916,575591.5017454673
4.696896896896897,578415.6872982344
4.726876876876877,581185.9651229953
4.7568568568568566,583918.3094460417
4.786836836836836,586609.8410165058
4.816816816816816,589251.7835586224
4.846796796796797,591844.0350484528
4.876776776776777,594404.1539066726
4.9067567567567565,596911.1938511345
4.936736736736736,599367.8275235235
4.966716716716716,601788.7969199838
4.996696696696697,604162.9170454284
5.026676676676677,606482.0761150349
5.056656656656656,608763.4627843163
5.086636636636636,610998.2359312504
5.116616616616616,613180.7162720166
5.146596596596597,615317.2717622436
5.1765765765765765,617415.3184941537
5.206556556556556,619457.3943825527
5.236536536536536,621451.4990244285
5.266516516516516,623406.1496101207
5.296496496496496,625310.4667251082
5.3264764764764765,627157.4752508679
5.356456456456456,628969.9227869795
5.386436436436436,630729.7302601325
5.416416416416416,632432.8036870061
5.446396396396396,634098.2564642514
5.476376376376376,635716.2702795201
5.506356356356356,637276.0985366217
5.536336336336336,638791.5048536196
5.566316316316316,640262.4565335122
5.596296296296296,641680.7329109535
5.626276276276276,643043.4451806274
5.656256256256256,644370.7748686984
5.686236236236236,645641.7149354462
5.716216216216216,646857.3266200318
5.746196196196196,648035.2265852661
5.776176176176176,649162.0644222946
5.806156156156156,650230.7449148297
5.836136136136136,651257.8654051699
5.866116116116116,652238.1707979469
5.8960960960960955,653162.166458501
5.926076076076076,654037.7689322514
5.956056056056056,654873.164892893
5.986036036036036,655650.5272727621
6.016016016016016,656377.2081777948
6.0459959959959955,657064.2094057888
6.075975975975975,657699.0615441825
6.105955955955956,658275.8787563308
6.135935935935936,658815.7841351138
6.165915915915916,659303.1952304604
6.195895895895895,659731.3778828189
6.225875875875875,660122.302098098
6.255855855855856,660465.239307648
6.285835835835836,660750.2346971653
6.3158158158158155,660989.7945460355
6.345795795795795,661186.1570127148
6.375775775775775,661328.5615830723
6.405755755755756,661415.8421966459
6.435735735735736,661469.5453430451
6.4657157157157155,661467.4823389347
6.495695695695695,661409.8292450749
6.525675675675675,661315.5836193091
6.555655655655656,661171.4316585948
6.585635635635636,660970.5341067876
6.615615615615615,660728.9927681299
6.645595595595595,660442.4688988454
6.675575575575575,660100.7603786765
6.705555555555555,659712.5481560283
6.7355355355355355,659286.2572085276
6.765515515515515,658805.0035447787
6.795495495495495,658273.6025934445
6.825475475475475,657705.2775052927
6.855455455455455,657086.3212832833
6.8854354354354355,656411.7346297362
6.915415415415415,655704.1038847357
6.945395395395395,654947.6648632888
6.975375375375375,654133.3715948676
7.005355355355355,653286.4525602624
7.035335335335335,652394.3259601729
7.065315315315315,651446.778936937
7.095295295295295,650457.1707142461
7.125275275275275,649430.8372662875
7.155255255255255,648353.2035578558
7.185235235235235,647223.6521790301
7.215215215215215,646065.8404385349
7.245195195195195,644856.6963264967
7.275175175175175,643595.0815330651
7.305155155155155,642302.8155860116
7.335135135135135,640965.1173632027
7.365115115115115,639575.0733909655
7.395095095095095,638148.6249099313
7.425075075075075,636682.9209126574
7.4550550550550545,635165.7082014635
7.485035035035034,633608.1291283625
7.515015015015015,632016.7115743402
7.544994994994995,630375.6960663642
7.574974974974975,628689.8304933019
7.604954954954954,626973.878811961
7.634934934934934,625212.3115042703
7.664914914914915,623399.9265273402
7.694894894894895,621562.2472081018
7.724874874874875,619681.1162435627
7.754854854854854,617746.4282192405
7.784834834834834,615788.8246983027
7.814814814814815,613791.4906635146
7.844794794794795,611746.0731629076
7.8747747747747745,609663.8106083956
7.904754754754754,607552.5142368326
7.934734734734734,605395.5394696825
7.964714714714715,603194.594246374
7.994694694694695,600972.3507140331
8.024674674674674,598706.117567771
8.054654654654655,596393.904376206
8.084634634634636,594059.6442420718
8.114614614614615,591686.7359366174
8.144594594594595,589268.6541555137
8.174574574574574,586823.1192928248
8.204554554554555,584346.0030160372
8.234534534534536,581823.6113155709
8.264514514514515,579271.2084893449
8.294494494494495,576693.220365557
8.324474474474474,574072.8636876877
8.354454454454455,571416.1196116967
8.384434434434436,568739.4711047217
8.414414414414415,566023.9228399463
8.444394394394395,563265.5475863522
8.474374374374374,560494.7792401172
8.504354354354355,557687.6641134751
8.534334334334336,554835.8242579598
8.564314314314315,551969.9241199072
8.594294294294295,549073.2154913844
8.624274274274274,546137.4230999936
8.654254254254255,543175.1074200583
8.684234234234236,540193.5256135708
8.714214214214214,537173.572656614
8.744194194194195,534121.3842084211
8.774174174174174,531057.7797168231
8.804154154154155,527959.2246284157
8.834134134134136,524825.4012283297
8.864114114114114,521679.5591925116
8.894094094094095,518503.8649448171
8.924074074074074,515292.3388542159
8.954054054054055,512066.23582829884
8.984034034034035,508817.96226443455
9.014014014014014,505532.57854671683
9.043993993993995,502231.39464264247
9.073973973973974,498914.2551373501
9.103953953953955,495564.7655344279
9.133933933933934,492189.46971605654
9.163913913913914,488807.05695320846
9.193893893893895,485394.7234534958
9.223873873873874,481949.73713398515
9.253853853853855,478506.1244682128
9.283833833833834,475035.22201939905
9.313813813813814,471531.0983620216
9.343793793793795,468024.3206267542
9.373773773773774,464497.78540434054
9.403753753753755,460942.5201451075
9.433733733733733,457373.8139387047
9.463713713713714,453797.20530500717
9.493693693693695,450192.7768487635
9.523673673673674,446569.6442079084
9.553653653653654,442946.17161633965
9.583633633633633,439298.69909794896
9.613613613613614,435627.75753532245
9.643593593593595,431958.39254654647
9.673573573573574,428270.4584008689
9.703553553553554,424557.1023391049
9.733533533533533,420845.84285783663
9.763513513513514,417122.036538228
9.793493493493495,413371.09915915906
9.823473473473474,409622.09384631435
9.853453453453454,405866.0934643152
9.883433433433433,402089.1646621516
9.913413413413414,398300.11245654157
9.943393393393395,394517.4590170594
9.973373373373374,390715.31972423487
10.003353353353354,386894.2756559595
10.033333333333333,383088.5198518518
10.063313313313314,379267.16668183974
10.093293293293295,375425.8107450606
10.123273273273274,371595.20028561883
10.153253253253254,367757.4592607344
10.183233233233233,363902.31595711503
10.213213213213214,360049.9951231231
10.243193193193195,356201.05486834183
10.273173173173173,352335.1023870185
10.303153153153154,348467.5655192033
10.333133133133133,344611.51603856485
10.363113113113114,340742.91382582573
10.393093093093094,336864.9403875453
10.423073073073073,333003.8223879668
10.453053053053054,329135.4479159158
10.483033033033033,325250.4559775565
10.513013013013014,321392.26329276635
10.542992992992993,317529.0304422199
10.572972972972973,313649.15538549074
10.602952952952954,309790.8384683629
10.632932932932933,305937.0044831498
10.662912912912914,302073.1644817448
10.692892892892893,298214.31574311154
10.722872872872873,294375.3601210684
10.752852852852854,290528.348078394
10.782832832832833,286678.53670860326
10.812812812812814,282858.35788499605
10.842792792792793,279033.6153873874
10.872772772772773,275203.8546026026
10.902752752752754,271400.1078260482
10.932732732732733,267601.7812840208
10.962712712712714,263796.170082925
10.992692692692692,260015.51033138408
11.022672672672673,256247.485766714
11.052652652652654,252472.70096770444
11.082632632632633,248717.5131174332
11.112612612612613,244985.8382702701
11.142592592592592,241251.5168265108
11.172572572572573,237523.9549709709
11.202552552552554,233831.67061956672
11.232532532532533,230141.23437479587
11.262512512512513,226445.48259132807
11.292492492492492,222799.1448762447
11.322472472472473,219155.96851082658
11.352452452452454,215510.46672019368
11.382432432432433,211901.67895021345
11.412412412412413,208310.37706527568
11.442392392392392,204719.10561182234
11.472372372372373,201152.87489805595
11.502352352352354,197618.09241530404
11.532332332332333,194085.32655413295
11.562312312312313,190567.9268749802
11.592292292292292,187094.28801868533
11.622272272272273,183626.0062710077
11.652252252252254,180167.26544144133
11.682232232232233,176752.6128788788
11.712212212212213,173352.8908805647
11.742192192192192,169951.7178792477
11.772172172172173,166606.86698387266
11.802152152152154,163279.247703809
11.832132132132132,159950.9998880986
11.862112112112113,156669.92117005878
11.892092092092092,153419.17334534542
11.922072072072073,150174.40651303926
11.952052052052052,146954.86409040628
11.982032032032032,143784.22477635532
12.012012012012013,140624.23129761327
12.041991991991992,137474.26492966645
12.071971971971973,134390.21399863015
12.101951951951952,131317.52304061956
12.131931931931932,128255.21210454895
12.161911911911913,125247.45796712491
12.191891891891892,122267.62039639633
12.221871871871873,119292.26284948106
12.251851851851852,116370.04095126709
12.281831831831832,113484.89683609917
12.311811811811813,110606.5886840524
12.341791791791792,107768.44407070226
12.371771771771773,104984.12831231227
12.401751751751751,102209.57832095258
12.431731731731732,99456.93920931451
12.461711711711713,96772.97547547544
12.491691691691692,94105.67407491703
12.521671671671672,91438.9070394604
12.551651651651651,88865.64858591926
12.581631631631632,86307.37956440647
12.611611611611613,83755.78786681403
12.641591591591592,81270.3686103999
12.671571571571572,78825.80627806745
12.701551551551551,76388.16965649858
12.731531531531532,73999.34946146146
12.761511511511513,71669.38793256403
12.791491491491492,69349.20537800959
12.821471471471472,67057.9724858191
12.851451451451451,64848.373316895835
12.881431431431432,62650.524739370965
12.911411411411413,60469.23744144136
12.941391391391392,58368.761793793754
12.971371371371372,56296.22747589692
13.001351351351351,54214.649479374115
13.031331331331332,52241.35031705381
13.061311311311313,50293.643388944445
13.091291291291292,48340.2580129603
13.121271271271272,46468.36010789727
13.151251251251251,44650.4138529641
13.181231231231232,42836.52938801954
13.211211211211213,41060.865006901564
13.241191191191191,39373.0702437174
13.271171171171172,37691.760060692184
13.301151151151151,36019.19387187191
13.331131131131132,34465.61528995659
13.36111111111111,32919.86161403508
13.391091091091091,31377.209641430916
13.421071071071072,29930.293221666056
13.451051051051051,28519.762074917035
13.481031031031032,27095.17293082555
13.51101101101101,25769.124387943502
13.540990990990991,24494.977828354622
13.570970970970972,23203.71239218162
13.600950950950951,21982.889154944405
13.630930930930932,20845.20848743477
13.66091091091091,19702.499676413274
13.690890890890891,18572.79341430316
13.720870870870872,17568.5659326695
13.750850850850851,16562.545736847955
13.780830830830832,15532.140082082042
13.81081081081081,14659.952705547674
13.840790790790791,13788.614496285742
13.870770770770772,12898.714625572913
13.90075075075075,12109.057560613252
13.930730730730732,11364.534400505741
13.96071071071071,10600.696087245165
13.990690690690691,9903.09722522522
14.020670670670672,9278.103332221077
14.05065065065065,8635.30634718929
14.080630630630631,8022.871483167363
14.11061061061061,7506.920787009225
14.140590590590591,6983.927977240399
14.170570570570572,6456.695834360657
14.20055055055055,6026.8441458300285
14.230530530530531,5603.04781434065
14.26051051051051,5142.159510036351
14.290490490490491,4807.238378823263
14.320470470470472,4471.170331278636
14.35045045045045,4115.222203888092
14.380430430430431,3817.6214639083514
14.41041041041041,3553.1276596596617
14.440390390390391,3279.5198018017927
14.470370370370372,3025.4189707602295
14.50035035035035,2820.3990903535096
14.530330330330331,2608.0390244981704
14.56031031031031,2397.840240977823
14.590290290290291,2240.0428620199104
14.620270270270272,2079.625863442378
14.65025025025025,1914.699099988878
14.680230230230231,1785.3434888572733
14.71021021021021,1662.9800146813484
14.74019019019019,1529.187675464937
14.77017017017017,1430.1445877456404
14.80015015015015,1337.5169435751552
14.830130130130131,1236.9740837679751
14.86011011011011,1154.26632527264
14.89009009009009,1084.2827467467464
14.92007007007007,1011.8367739318273
14.95005005005005,941.4964098835674
14.980030030030031,888.5257891224546
15.01001001001001,833.8065107212472
15.03998998998999,777.1432132132104
15.06996996996997,736.9368355021695
15.09994994994995,696.1683371792835
15.129929929929931,653.9904127285165
15.15990990990991,620.1654585111428
15.18988988988989,589.4848937358398
15.21986986986987,556.8093419735535
15.24984984984985,530.2158411745075
15.279829829829831,507.2612884463398
15.30980980980981,482.5947376850537
15.33978978978979,460.78306773440045
15.36976976976977,443.5351646383227
15.39974974974975,425.8518471102681
15.429729729729731,407.7525405405398
15.45970970970971,394.80783014593555
15.48968968968969,381.14339202360225
15.51966966966967,366.8354581950372
15.54964964964965,356.36874558769284
15.57962962962963,346.3793086419749
15.60960960960961,335.3991446183024
15.63958958958959,326.449531847637
15.66956956956957,318.2564867089313
15.69954954954955,310.0008857278328
15.72952952952953,302.3228221906114
15.75950950950951,295.67673399715494
15.78948948948949,288.90896159317197
15.81946946946947,282.7590709657027
15.84944944944945,277.0139979979979
15.87942942942943,271.3810048996363
15.90940940940941,265.98788430535797
15.93938938938939,261.07392370147903
15.96936936936937,256.4232072072072
15.99934934934935,251.81638617564934
16.02932932932933,247.43986475364255
16.05930930930931,243.0355685158841
16.08928928928929,238.72605005004988
16.11926926926927,234.78119382540413
16.149249249249248,230.73408882566795
16.17922922922923,226.71949876191974
16.20920920920921,223.0660580580581
16.23918918918919,219.07159886201975
16.26916916916917,215.53695117339535
16.299149149149148,211.94371993045678
16.32912912912913,208.47031136399562
16.35910910910911,204.53562520415153
16.38908908908909,200.9485337969548
16.41906906906907,197.51503714240553
16.449049049049048,194.09252916073967
16.47902902902903,190.57313313313313
16.50900900900901,187.18466761498328
16.53898898898899,183.74930663997316
16.56896896896897,180.33230451504116
16.598948948948948,176.9926220957801
16.62892892892893,173.63405360916462
16.65890890890891,170.24668036457518
16.68888888888889,166.95490058479527
16.71886886886887,163.66836970303615
16.748848848848848,160.31361930351412
16.77882882882883,157.0735362731153
16.80880880880881,153.76033500166827
16.83878878878879,150.5517627100783
16.86876876876877,147.36707697170823
16.898748748748748,144.14258347236145
16.92872872872873,140.96421221221223
16.95870870870871,137.84629429429424
16.98868868868869,134.64769316685093
17.01866866866867,131.57186618197133
17.048648648648648,128.52196870554778
17.07862862862863,125.39021379274025
17.10860860860861,122.38642516200392
17.13858858858859,119.40112912912898
17.16856856856857,116.34422043095702
17.198548548548548,113.40788915231032
17.22852852852853,110.48087420754098
17.25850850850851,107.51918318318315
17.28848848848849,104.66341120067419
17.31846846846847,101.82613181602629
17.348448448448448,98.92987134502941
17.37842842842843,96.14930635899056
17.40840840840841,93.39745977556497
17.43838838838839,90.58715641957738
17.46836836836837,87.88864738422625
17.498348348348348,85.17355488822163
17.528328328328328,82.50050850850843
17.55830830830831,79.89055725198871
17.58828828828829,77.28441561561557
17.61826826826827,74.6811892313364
17.648248248248247,72.16678821979887
17.678228228228228,69.59894547178762
17.70820820820821,67.14700317159263
17.73818818818819,64.72682383436056
17.76816816816817,62.26248902235539
17.798148148148147,59.906258089668626
17.828128128128128,57.584297392129
17.85810810810811,55.24298618618609
17.88808808808809,52.970789905695135
17.91806806806807,50.752671534692546
17.948048048048047,48.498848237711435
17.978028028028028,46.35182909225009
18.00800800800801,44.242808703440225
18.03798798798799,42.1001476845265
18.06796796796797,40.06300814498695
18.097947947947947,38.06524705758392
18.127927927927928,36.03731967757238
18.15790790790791,34.11558531162743
18.18788788788789,32.213389033477824
18.217867867867866,30.32173137347877
18.247847847847847,28.516054538749316
18.277827827827828,26.7437737292849
18.30780780780781,24.961802307570718
18.33778778778779,23.272904567725476
18.367767767767766,21.575174997219573
18.397747747747747,19.960277287814176
18.427727727727728,18.388217775670384
18.45770770770771,16.824148237125954
18.48768768768769,15.312653959222311
18.517667667667666,13.855853495600948
18.547647647647647,12.414036258480705
18.577627627627628,10.996206606606677
18.60760760760761,9.636246730941387
18.63758758758759,8.250711111111023
18.667567567567566,6.920189928876287
18.697547547547547,5.576416985406512
18.727527527527528,4.131803841736478
18.75750750750751,2.505893383910162
18.78748748748749,0.0
18.817467467467466,0.0
18.847447447447447,0.0
18.877427427427428,0.0
18.90740740740741,0.0
18.93738738738739,0.0
18.967367367367366,0.0
18.997347347347347,0.0
19.027327327327328,0.0
19.05730730730731,0.0
19.08728728728729,0.0
19.117267267267266,0.0
19.147247247247247,0.0
19.177227227227228,0.0
19.207207207207208,0.0
19.23718718718719,0.0
19.267167167167166,0.0
19.297147147147147,0.0
19.327127127127127,0.0
19.357107107107108,0.0
19.38708708708709,0.0
19.417067067067066,0.0
19.447047047047047,0.0
19.477027027027027,0.0
19.507007007007008,0.0
19.53698698698699,0.0
19.566966966966966,0.0
19.596946946946947,0.0
19.626926926926927,0.0
19.656906906906908,0.0
19.68688688688689,0.0
19.716866866866866,0.0
19.746846846846847,0.0
19.776826826826827,0.0
19.806806806806808,0.0
19.83678678678679,0.0
19.866766766766766,0.0
19.896746746746746,0.0
19.926726726726727,0.0
19.956706706706708,0.0
19.98668668668669,0.0
20.016666666666666,0.0
20.046646646646646,0.0
20.076626626626627,0.0
20.106606606606608,0.0
20.13658658658659,0.0
20.166566566566566,0.0
20.196546546546546,0.0
20.226526526526527,0.0
20.256506506506508,0.0
20.28648648648649,0.0
20.316466466466466,0.0
20.346446446446446,0.0
20.376426426426427,0.0
20.406406406406408,0.0
20.43638638638639,0.0
20.466366366366366,0.0
20.496346346346346,0.0
20.526326326326327,0.0
20.556306306306308,0.0
20.58628628628629,0.0
20.616266266266265,0.0
20.646246246246246,0.0
20.676226226226227,0.0
20.706206206206208,0.0
20.73618618618619,0.0
20.766166166166165,0.0
20.796146146146146,0.0
20.826126126126127,0.0
20.856106106106107,0.0
20.886086086086088,0.0
20.916066066066065,0.0
20.946046046046046,0.0
20.976026026026027,0.0
21.006006006006007,0.0
21.035985985985985,0.0
21.065965965965965,0.0
21.095945945945946,0.0
21.125925925925927,0.0
21.155905905905907,0.0
21.185885885885885,0.0
21.215865865865865,0.0
21.245845845845846,0.0
21.275825825825827,0.0
21.305805805805807,0.0
21.335785785785784,0.0
21.365765765765765,0.0
21.395745745745746,0.0
21.425725725725727,0.0
21.455705705705707,0.0
21.485685685685684,0.0
21.515665665665665,0.0
21.545645645645646,0.0
21.575625625625626,0.0
21.605605605605607,0.0
21.635585585585584,0.0
21.665565565565565,0.0
21.695545545545546,0.0
21.725525525525526,0.0
21.755505505505507,0.0
21.785485485485484,0.0
21.815465465465465,0.0
21.845445445445446,0.0
21.875425425425426,0.0
21.905405405405407,0.0
21.935385385385384,0.0
21.965365365365365,0.0
21.995345345345346,0.0
22.025325325325326,0.0
22.055305305305307,0.0
22.085285285285284,0.0
22.115265265265265,0.0
22.145245245245246,0.0
22.175225225225226,0.0
22.205205205205207,0.0
22.235185185185184,0.0
22.265165165165165,0.0
22.295145145145145,0.0
22.325125125125126,0.0
22.355105105105107,0.0
22.385085085085084,0.0
22.415065065065065,0.0
22.445045045045045,0.0
22.475025025025026,0.0
22.505005005005007,0.0
22.534984984984984,0.0
22.564964964964965,0.0
22.594944944944945,0.0
22.624924924924926,0.0
22.654904904904907,0.0
22.684884884884884,0.0
22.714864864864865,0.0
22.744844844844845,0.0
22.774824824824826,0.0
22.804804804804807,0.0
22.834784784784784,0.0
22.864764764764764,0.0
22.894744744744745,0.0
22.924724724724726,0.0
22.954704704704707,0.0
22.984684684684684,0.0
23.014664664664664,0.0
23.044644644644645,0.0
23.074624624624626,0.0
23.104604604604607,0.0
23.134584584584584,0.0
23.164564564564564,0.0
23.194544544544545,0.0
23.224524524524526,0.0
23.254504504504506,0.0
23.284484484484484,0.0
23.314464464464464,0.0
23.344444444444445,0.0
23.374424424424426,0.0
23.404404404404406,0.0
23.434384384384384,0.0
23.464364364364364,0.0
23.494344344344345,0.0
23.524324324324326,0.0
23.554304304304306,0.0
23.584284284284283,0.0
23.614264264264264,0.0
23.644244244244245,0.0
23.674224224224226,0.0
23.704204204204206,0.0
23.734184184184183,0.0
23.764164164164164,0.0
23.794144144144145,0.0
23.824124124124126,0.0
23.854104104104103,0.0
23.884084084084083,0.0
23.914064064064064,0.0
23.944044044044045,0.0
23.974024024024025,0.0
24.004004004004003,0.0
24.033983983983983,0.0
24.063963963963964,0.0
24.093943943943945,0.0
24.123923923923925,0.0
24.153903903903903,0.0
24.183883883883883,0.0
24.213863863863864,0.0
24.243843843843845,0.0
24.273823823823825,0.0
24.303803803803802,0.0
24.333783783783783,0.0
24.363763763763764,0.0
24.393743743743745,0.0
24.423723723723725,0.0
24.453703703703702,0.0
24.483683683683683,0.0
24.513663663663664,0.0
24.543643643643644,0.0
24.573623623623625,0.0
24.603603603603602,0.0
24.633583583583583,0.0
24.663563563563564,0.0
24.693543543543544,0.0
24.723523523523525,0.0
24.753503503503502,0.0
24.783483483483483,0.0
24.813463463463464,0.0
24.843443443443444,0.0
24.873423423423425,0.0
24.903403403403402,0.0
24.933383383383383,0.0
24.963363363363364,0.0
24.993343343343344,0.0
25.023323323323325,0.0
25.053303303303302,0.0
25.083283283283283,0.0
25.113263263263264,0.0
25.143243243243244,0.0
25.173223223223225,0.0
25.203203203203202,0.0
25.233183183183183,0.0
25.263163163163163,0.0
25.293143143143144,0.0
25.323123123123125,0.0
25.353103103103102,0.0
25.383083083083083,0.0
25.413063063063063,0.0
25.443043043043044,0.0
25.473023023023025,0.0
25.503003003003002,0.0
25.532982982982983,0.0
25.562962962962963,0.0
25.592942942942944,0.0
25.622922922922925,0.0
25.652902902902902,0.0
25.682882882882883,0.0
25.712862862862863,0.0
25.742842842842844,0.0
25.772822822822825,0.0
25.802802802802802,0.0
25.832782782782783,0.0
25.862762762762763,0.0
25.892742742742744,0.0
25.922722722722725,0.0
25.9527027027027,0.0
25.982682682682682,0.0
26.012662662662663,0.0
26.042642642642644,0.0
26.072622622622625,0.0
26.1026026026026,0.0
26.132582582582582,0.0
26.162562562562563,0.0
26.192542542542544,0.0
26.222522522522524,0.0
26.2525025025025,0.0
26.282482482482482,0.0
26.312462462462463,0.0
26.342442442442444,0.0
26.372422422422424,0.0
26.4024024024024,0.0
26.432382382382382,0.0
26.462362362362363,0.0
26.492342342342344,0.0
26.522322322322324,0.0
26.5523023023023,0.0
26.582282282282282,0.0
26.612262262262263,0.0
26.642242242242244,0.0
26.67222222222222,0.0
26.7022022022022,0.0
26.732182182182182,0.0
26.762162162162163,0.0
26.792142142142144,0.0
26.82212212212212,0.0
26.8521021021021,0.0
26.882082082082082,0.0
26.912062062062063,0.0
26.942042042042043,0.0
26.97202202202202,0.0
27.002002002002,0.0
27.031981981981982,0.0
27.061961961961963,0.0
27.091941941941943,0.0
27.12192192192192,0.0
27.1519019019019,0.0
27.181881881881882,0.0
27.211861861861863,0.0
27.241841841841843,0.0
27.27182182182182,0.0
27.3018018018018,0.0
27.331781781781782,0.0
27.361761761761763,0.0
27.391741741741743,0.0
27.42172172172172,0.0
27.4517017017017,0.0
27.481681681681682,0.0
27.511661661661662,0.0
27.541641641641643,0.0
27.57162162162162,0.0
27.6016016016016,0.0
27.63158158158158,0.0
27.661561561561562,0.0
27.691541541541543,0.0
27.72152152152152,0.0
27.7515015015015,0.0
27.78148148148148,0.0
27.811461461461462,0.0
27.841441441441443,0.0
27.87142142142142,0.0
27.9014014014014,0.0
27.93138138138138,0.0
27.961361361361362,0.0
27.991341341341343,0.0
28.02132132132132,0.0
28.0513013013013,0.0
28.08128128128128,0.0
28.111261261261262,0.0
28.141241241241243,0.0
28.17122122122122,0.0
28.2012012012012,0.0
28.23118118118118,0.0
28.261161161161162,0.0
28.291141141141143,0.0
28.32112112112112,0.0
28.3511011011011,0.0
28.38108108108108,0.0
28.411061061061062,0.0
28.441041041041043,0.0
28.47102102102102,0.0
28.501001001001,0.0
28.53098098098098,0.0
28.560960960960962,0.0
28.590940940940943,0.0
28.62092092092092,0.0
28.6509009009009,0.0
28.68088088088088,0.0
28.710860860860862,0.0
28.740840840840843,0.0
28.77082082082082,0.0
28.8008008008008,0.0
28.83078078078078,0.0
28.860760760760762,0.0
28.890740740740743,0.0
28.92072072072072,0.0
28.9507007007007,0.0
28.98068068068068,0.0
29.010660660660662,0.0
29.040640640640643,0.0
29.07062062062062,0.0
29.1006006006006,0.0
29.13058058058058,0.0
29.160560560560562,0.0
29.190540540540542,0.0
29.22052052052052,0.0
29.2505005005005,0.0
29.28048048048048,0.0
29.31046046046046,0.0
29.340440440440442,0.0
29.37042042042042,0.0
29.4004004004004,0.0
29.43038038038038,0.0
29.46036036036036,0.0
29.49034034034034,0.0
29.52032032032032,0.0
29.5503003003003,0.0
29.58028028028028,0.0
29.61026026026026,0.0
29.64024024024024,0.0
29.67022022022022,0.0
29.7002002002002,0.0
29.73018018018018,0.0
29.76016016016016,0.0
29.79014014014014,0.0
29.82012012012012,0.0
29.8501001001001,0.0
29.88008008008008,0.0
29.91006006006006,0.0
29.94004004004004,0.0
29.97002002002002,0.0
30.0,0.0
